passenger_id,first_name,last_name,date_of_birth,email,phone_number
1,First1,Last1,1969-12-27,user1@example.com,+916107420369
2,First2,Last2,1984-09-03,user2@example.com,+917051802512
3,First3,Last3,1980-01-10,user3@example.com,+916599310825
4,First4,Last4,1969-03-12,user4@example.com,+918906402157
5,First5,Last5,2008-12-04,user5@example.com,+916373399426
6,First6,Last6,2012-12-22,user6@example.com,+917812140441
7,First7,Last7,1962-11-07,user7@example.com,+916127978094
8,First8,Last8,1968-05-28,user8@example.com,+916939042955
9,First9,Last9,1980-11-14,user9@example.com,+918170484433
10,First10,Last10,2014-01-03,user10@example.com,+916113971123
11,First11,Last11,2010-05-08,user11@example.com,+916854001193
12,First12,Last12,2008-11-20,user12@example.com,+917801823908
13,First13,Last13,1979-10-11,user13@example.com,+917929338154
14,First14,Last14,2012-11-12,user14@example.com,+917194819984
15,First15,Last15,1960-07-31,user15@example.com,+919259052811
16,First16,Last16,1974-04-28,user16@example.com,+918998485882
17,First17,Last17,1997-11-30,user17@example.com,+917461364854
18,First18,Last18,1984-12-05,user18@example.com,+916667779376
19,First19,Last19,1979-04-26,user19@example.com,+919279182318
20,First20,Last20,1990-03-13,user20@example.com,+916438989805
21,First21,Last21,1968-04-27,user21@example.com,+917631775357
22,First22,Last22,1968-09-04,user22@example.com,+917541804686
23,First23,Last23,1990-11-09,user23@example.com,+918592983555
24,First24,Last24,1983-09-24,user24@example.com,+919466589567
25,First25,Last25,1963-11-24,user25@example.com,+919134174160
26,First26,Last26,2001-03-20,user26@example.com,+918303082117
27,First27,Last27,1971-03-14,user27@example.com,+919961228449
28,First28,Last28,1993-12-16,user28@example.com,+916338444264
29,First29,Last29,2009-07-11,user29@example.com,+917259191105
30,First30,Last30,1992-06-11,user30@example.com,+918479708607
31,First31,Last31,1977-04-01,user31@example.com,+919026113008
32,First32,Last32,1966-03-29,user32@example.com,+916196814233
33,First33,Last33,1980-06-11,user33@example.com,+919320303242
34,First34,Last34,1985-12-17,user34@example.com,+916342703921
35,First35,Last35,1980-11-19,user35@example.com,+919721519026
36,First36,Last36,1969-01-22,user36@example.com,+917632629719
37,First37,Last37,1984-12-08,user37@example.com,+917947382419
38,First38,Last38,1992-09-23,user38@example.com,+916698594025
39,First39,Last39,1993-03-18,user39@example.com,+917525876051
40,First40,Last40,1978-10-18,user40@example.com,+918878380452
41,First41,Last41,1983-12-14,user41@example.com,+919014295294
42,First42,Last42,1966-05-28,user42@example.com,+918616197747
43,First43,Last43,1975-05-09,user43@example.com,+918294113287
44,First44,Last44,1981-12-17,user44@example.com,+916701808367
45,First45,Last45,2001-06-21,user45@example.com,+917629748727
46,First46,Last46,1984-03-20,user46@example.com,+919974524834
47,First47,Last47,2009-12-19,user47@example.com,+916943239974
48,First48,Last48,1989-02-03,user48@example.com,+919620021413
49,First49,Last49,1965-01-06,user49@example.com,+916983753977
50,First50,Last50,1962-11-17,user50@example.com,+919457645390
51,First51,Last51,1988-04-19,user51@example.com,+917722989659
52,First52,Last52,1984-01-08,user52@example.com,+916284277889
53,First53,Last53,1978-12-05,user53@example.com,+919921889760
54,First54,Last54,2010-11-19,user54@example.com,+919763970286
55,First55,Last55,1988-03-25,user55@example.com,+916913224047
56,First56,Last56,2004-10-14,user56@example.com,+917699226064
57,First57,Last57,2001-03-01,user57@example.com,+916613628803
58,First58,Last58,1983-10-06,user58@example.com,+916599707677
59,First59,Last59,1982-02-15,user59@example.com,+919199703321
60,First60,Last60,2010-05-12,user60@example.com,+918314889832
61,First61,Last61,1983-07-28,user61@example.com,+919208399878
62,First62,Last62,2012-06-11,user62@example.com,+917840109255
63,First63,Last63,2012-05-08,user63@example.com,+917715412119
64,First64,Last64,1992-06-22,user64@example.com,+916941975480
65,First65,Last65,1972-05-29,user65@example.com,+918188398760
66,First66,Last66,2004-04-10,user66@example.com,+916390452952
67,First67,Last67,1964-03-23,user67@example.com,+919698408854
68,First68,Last68,1969-11-01,user68@example.com,+916656448479
69,First69,Last69,1974-05-09,user69@example.com,+919401954956
70,First70,Last70,1997-11-15,user70@example.com,+918561557300
71,First71,Last71,1965-09-12,user71@example.com,+917652563013
72,First72,Last72,1994-03-27,user72@example.com,+918559321289
73,First73,Last73,2001-12-28,user73@example.com,+918272528809
74,First74,Last74,1982-07-22,user74@example.com,+918376087131
75,First75,Last75,1961-01-11,user75@example.com,+918921794983
76,First76,Last76,1970-04-11,user76@example.com,+918927923735
77,First77,Last77,2008-03-04,user77@example.com,+919224995600
78,First78,Last78,1983-12-09,user78@example.com,+919301106403
79,First79,Last79,1990-07-08,user79@example.com,+916479112937
80,First80,Last80,1986-05-01,user80@example.com,+917867302554
81,First81,Last81,1974-03-10,user81@example.com,+917948728483
82,First82,Last82,1960-04-16,user82@example.com,+919101361778
83,First83,Last83,1983-08-18,user83@example.com,+918150000991
84,First84,Last84,1976-01-11,user84@example.com,+918180476188
85,First85,Last85,1969-07-18,user85@example.com,+919738848790
86,First86,Last86,1986-10-10,user86@example.com,+919614942327
87,First87,Last87,2005-07-18,user87@example.com,+918615507143
88,First88,Last88,1977-11-04,user88@example.com,+916656439677
89,First89,Last89,1993-07-18,user89@example.com,+919274958945
90,First90,Last90,1974-06-29,user90@example.com,+918316615266
91,First91,Last91,2007-07-31,user91@example.com,+919944899549
92,First92,Last92,1960-01-19,user92@example.com,+918572447412
93,First93,Last93,1989-01-29,user93@example.com,+918098545541
94,First94,Last94,1961-09-30,user94@example.com,+916480468219
95,First95,Last95,1992-07-25,user95@example.com,+919774081712
96,First96,Last96,1987-08-03,user96@example.com,+917028439863
97,First97,Last97,1965-03-13,user97@example.com,+917034535593
98,First98,Last98,2010-11-25,user98@example.com,+916338258951
99,First99,Last99,1967-09-07,user99@example.com,+919143519183
100,First100,Last100,2003-08-07,user100@example.com,+919504793184
101,First101,Last101,1966-03-17,user101@example.com,+919266761413
102,First102,Last102,2007-10-16,user102@example.com,+919289233844
103,First103,Last103,1971-04-13,user103@example.com,+916551437149
104,First104,Last104,2002-08-22,user104@example.com,+918361388464
105,First105,Last105,1974-10-24,user105@example.com,+917138409539
106,First106,Last106,2007-05-04,user106@example.com,+919747071386
107,First107,Last107,2014-06-02,user107@example.com,+917817363615
108,First108,Last108,1979-01-01,user108@example.com,+919989653086
109,First109,Last109,2008-05-19,user109@example.com,+919243839315
110,First110,Last110,1978-01-17,user110@example.com,+919062092518
111,First111,Last111,1987-12-19,user111@example.com,+917713658874
112,First112,Last112,1993-07-02,user112@example.com,+917881625505
113,First113,Last113,2006-06-07,user113@example.com,+917939118223
114,First114,Last114,1970-11-09,user114@example.com,+917064746525
115,First115,Last115,1980-02-27,user115@example.com,+916274989148
116,First116,Last116,1990-05-01,user116@example.com,+916090341465
117,First117,Last117,2012-10-11,user117@example.com,+918379074819
118,First118,Last118,1980-08-23,user118@example.com,+918527331058
119,First119,Last119,1979-10-04,user119@example.com,+916030884438
120,First120,Last120,1966-05-15,user120@example.com,+919040153710
121,First121,Last121,1965-04-13,user121@example.com,+916983297492
122,First122,Last122,1966-01-17,user122@example.com,+919888749350
123,First123,Last123,1962-10-26,user123@example.com,+919692105921
124,First124,Last124,1989-08-23,user124@example.com,+916304330003
125,First125,Last125,2006-02-15,user125@example.com,+917022222125
126,First126,Last126,1984-12-25,user126@example.com,+918873237671
127,First127,Last127,2003-07-20,user127@example.com,+916920140090
128,First128,Last128,2008-05-17,user128@example.com,+916568275055
129,First129,Last129,2011-03-25,user129@example.com,+918474810179
130,First130,Last130,2002-05-28,user130@example.com,+917043665192
131,First131,Last131,2002-06-07,user131@example.com,+919468173213
132,First132,Last132,1996-07-08,user132@example.com,+916817804383
133,First133,Last133,1968-06-17,user133@example.com,+916416314667
134,First134,Last134,1998-09-02,user134@example.com,+917521696479
135,First135,Last135,1997-12-31,user135@example.com,+917765670844
136,First136,Last136,2001-11-24,user136@example.com,+919710150572
137,First137,Last137,1964-11-10,user137@example.com,+918892078691
138,First138,Last138,1968-10-29,user138@example.com,+916260329455
139,First139,Last139,1996-02-14,user139@example.com,+919127653547
140,First140,Last140,1990-06-10,user140@example.com,+919438518641
141,First141,Last141,1969-10-20,user141@example.com,+917067970820
142,First142,Last142,1977-03-10,user142@example.com,+916816941039
143,First143,Last143,2008-02-11,user143@example.com,+917926780541
144,First144,Last144,1972-07-29,user144@example.com,+917811967841
145,First145,Last145,1976-06-17,user145@example.com,+917196342297
146,First146,Last146,2001-07-03,user146@example.com,+917072910527
147,First147,Last147,1966-10-06,user147@example.com,+917903232052
148,First148,Last148,2009-05-16,user148@example.com,+916420514789
149,First149,Last149,1964-07-15,user149@example.com,+918800940984
150,First150,Last150,2008-06-30,user150@example.com,+919590711152
151,First151,Last151,1961-04-28,user151@example.com,+916400560567
152,First152,Last152,1981-03-16,user152@example.com,+916714300770
153,First153,Last153,1996-06-17,user153@example.com,+918085812759
154,First154,Last154,2003-03-09,user154@example.com,+916918037633
155,First155,Last155,1995-12-24,user155@example.com,+919875962612
156,First156,Last156,1965-04-05,user156@example.com,+916707111048
157,First157,Last157,1993-12-31,user157@example.com,+916009257255
158,First158,Last158,1995-01-10,user158@example.com,+917139038460
159,First159,Last159,2000-10-26,user159@example.com,+917225136114
160,First160,Last160,1997-12-13,user160@example.com,+918991837720
161,First161,Last161,2009-11-10,user161@example.com,+918842715617
162,First162,Last162,2003-08-30,user162@example.com,+916664847319
163,First163,Last163,1977-01-13,user163@example.com,+917274350418
164,First164,Last164,1979-07-13,user164@example.com,+916251183830
165,First165,Last165,2011-12-17,user165@example.com,+919159967109
166,First166,Last166,2008-08-22,user166@example.com,+916261810763
167,First167,Last167,1988-02-19,user167@example.com,+916245522987
168,First168,Last168,1964-07-01,user168@example.com,+918509023674
169,First169,Last169,2002-10-10,user169@example.com,+918159725924
170,First170,Last170,2007-08-25,user170@example.com,+916676168421
171,First171,Last171,1965-02-06,user171@example.com,+918181106786
172,First172,Last172,1967-03-10,user172@example.com,+919656488400
173,First173,Last173,1976-09-02,user173@example.com,+916294296873
174,First174,Last174,2013-05-20,user174@example.com,+916291889680
175,First175,Last175,1981-02-06,user175@example.com,+917734202799
176,First176,Last176,1970-10-03,user176@example.com,+919823754905
177,First177,Last177,2011-02-09,user177@example.com,+917057486868
178,First178,Last178,2011-12-09,user178@example.com,+918553440342
179,First179,Last179,1963-07-26,user179@example.com,+918660223333
180,First180,Last180,1967-05-10,user180@example.com,+917800557283
181,First181,Last181,2012-05-12,user181@example.com,+918427631155
182,First182,Last182,2006-11-25,user182@example.com,+917358798143
183,First183,Last183,1983-05-24,user183@example.com,+916877286584
184,First184,Last184,1988-03-09,user184@example.com,+917025148381
185,First185,Last185,1983-10-30,user185@example.com,+917699887270
186,First186,Last186,1971-09-28,user186@example.com,+918884887548
187,First187,Last187,1986-11-30,user187@example.com,+917963764597
188,First188,Last188,1988-05-13,user188@example.com,+919990103355
189,First189,Last189,1966-07-05,user189@example.com,+916040009587
190,First190,Last190,2001-02-11,user190@example.com,+918667858669
191,First191,Last191,2010-07-05,user191@example.com,+916429416213
192,First192,Last192,1966-07-28,user192@example.com,+918309122187
193,First193,Last193,1979-02-14,user193@example.com,+918172758220
194,First194,Last194,1983-10-17,user194@example.com,+916568896616
195,First195,Last195,1991-04-24,user195@example.com,+919783282817
196,First196,Last196,1966-03-04,user196@example.com,+919776436931
197,First197,Last197,1981-11-30,user197@example.com,+917587106770
198,First198,Last198,1985-07-26,user198@example.com,+916677517496
199,First199,Last199,1999-04-24,user199@example.com,+919580907314
200,First200,Last200,2008-09-25,user200@example.com,+919021680963
